Codigo,Tipo,Punto,Muestreo,sul1,tetA,CTX_M,qnrS,ermB,dfrA12,blaTEM,sul2,tetQ,intI_1,Cfecales,Ecoli,Efaecalis,CF_EF,Porcentaje_OD,mg_L_OD,?S_cm,,,,,,,,,,,,
A035,water,Site  1,2,0.00046016,8.97E-06,ND,1.96E-06,1.77E-05,3.73E-06,ND,0.00013076,0.000311125,ND,3.948055002,330,330,350,0.9,-27.6,7.51,113,78.1,7.74,159.4,131.5,0.0071,70,0.07,15.8,80.31,9.81,10
A036,water,Site  1,2,0.000152297,4.76E-06,ND,2.46E-06,ND,ND,ND,8.87E-05,0.000249882,ND,3.143821575,330,130,920,0.4,-27.6,7.51,113,78.1,7.74,159.4,131.5,0.0071,70,0.07,15.8,80.31,9.85,10
A037,water,Site  1,2,0.000179694,6.02E-06,ND,4.57E-06,ND,ND,1.90E-05,0.000133256,0.000319123,ND,3.290045835,220,220,920,0.2,-27.6,7.51,113,78.1,7.74,159.4,131.5,0.0071,70,0.07,15.8,80.31,9.84,10
A038,water,Site  2,2,0.042452353,0.000406642,ND,2.04E-05,0.000416869,3.24E-05,3.12E-05,0.013741653,0.017580935,ND,27.78260927,160000,54000,16000,10,-45.3,7.85,192.6,71.8,8.27,202.8,179,0.0054,93,0.09,23.4,90.45,8.71,30
A039,water,Site  2,2,0.038263318,0.000323956,ND,1.23E-05,0.000234687,3.80E-05,3.26E-05,0.002159485,0.012477442,ND,22.66476019,35000,35000,24000,1.5,-45.3,7.85,192.6,71.8,8.27,202.8,179,0.0054,93,0.09,23.4,90.45,8.76,30
A040,water,Site  2,2,0.053244599,0.000487548,ND,2.28E-05,0.000237307,ND,2.43E-05,0.017188514,0.016105631,ND,34.36270094,160000,160000,17000,9.4,-45.3,7.85,192.6,71.8,8.27,202.8,179,0.0054,93,0.09,23.4,90.45,8.73,30
A041,water,Site  3,2,0.068713224,0.000609115,ND,3.81E-06,ND,2.46E-05,1.72E-05,0.022631643,0.000171953,ND,4.971624817,240000,160000,3500,68.6,-48.3,7.9,196.7,47.7,3.78,377.7,322,0.0032,156,0.15,28,93.92,21.7,70
A042,water,Site  3,2,0.087225337,0.000255035,ND,2.29E-05,1.41E-05,1.09E-05,1.47E-05,0.016419837,2.72E-05,ND,5.556521854,350000,350000,5400,64.8,-48.3,7.9,196.7,47.7,3.78,377.7,322,0.0032,156,0.15,28,93.92,22.2,70
A043,water,Site  3,2,0.04348889,ND,ND,ND,4.95E-05,ND,ND,0.013955069,0.000608705,ND,ND,460000,310000,9200,50,-48.3,7.9,196.7,47.7,3.78,377.7,322,0.0032,156,0.15,28,93.92,21.9,70
A194,water,Site  1,3,0.010821972,8.33E-05,0,0.000206566,0.000221137,7.47E-06,0,0.044889956,0.112942375,0.007180812,92000,54000,35000,2.6,NA,8.45,142.5,,,,,,,,,,,,
A195,water,Site  1,3,0.016146645,0.00017465,0,0.00048391,0.000376488,0,0,0.107234518,0.260538481,0.018246047,4600,4600,3500,1.3,86.2,8.49,122.7,,,,,,,,,,,,
A196,water,Site  1,3,1.56E-06,5.84E-05,0,0.000215816,0.000101506,7.54E-06,0,0.032831278,0.077888187,0.004454824,4600,4600,3500,1.3,86.2,8.49,122.7,,,,,,,,,,,,
A197,water,Site  2,3,0.020294161,0.000174388,1.72E-06,0.000626286,0.000236124,0.000112466,1.31E-05,0.012219964,0.010105496,0.015041364,4600,4600,3500,1.3,86.2,8.49,122.7,,,,,,,,,,,,
A198,water,Site  2,3,0.020649805,4.59E-05,0,4.92E-05,8.03E-05,1.25E-05,8.29E-06,0.012194629,0.003184077,0.007523484,92000,54000,35000,2.6,NA,8.45,142.5,,,,,,,,,,,,
A199,water,Site  2,3,0.038662028,0.000331468,2.02E-06,0.001117688,0.000341948,0.00016385,1.04E-05,0.044821227,0.024007453,0.032928141,92000,54000,35000,2.6,NA,8.45,142.5,,,,,,,,,,,,
A200,water,Site  3,3,0.046756867,0.000465375,0,0.001157958,6.70E-05,5.96E-05,0,0.118978483,0.005875808,0.160560897,70000,31000,9200,7.6,77,59,151.4,,,,,,,,,,,,
A201,water,Site  3,3,0.127980436,0.000375685,0,0.00057735,3.87E-05,4.73E-05,0,0.123979733,0.003255063,0.118254892,70000,31000,9200,7.6,77,59,151.4,,,,,,,,,,,,
A202,water,Site  3,3,0.010755001,0.000512414,0,0.001202914,8.94E-05,0.00012198,0,0.122422839,0.00486904,0.121535251,70000,31000,9200,7.6,77,59,151.4,,,,,,,,,,,,
S035,sediment,Site  1,2,0.000809661,1.74E-05,ND,ND,2.03E-05,ND,ND,9.94E-05,8.77E-05,ND,2.558924538,NA,NA,NA,NA,NA,NA,NA,NA,NA,NA,NA,NA,NA,NA,NA,NA,NA,NA
S036,sediment,Site  1,2,0.000413448,5.42E-06,ND,ND,2.22E-05,ND,ND,0.000113209,7.16E-05,ND,3.216933705,NA,NA,NA,NA,NA,NA,NA,NA,NA,NA,NA,NA,NA,NA,NA,NA,NA,NA
S037,sediment,Site  1,2,0.000404498,7.07E-06,ND,ND,1.12E-05,ND,ND,0.000102584,7.94E-05,ND,2.339588149,NA,NA,NA,NA,NA,NA,NA,NA,NA,NA,NA,NA,NA,NA,NA,NA,NA,NA
S038,sediment,Site  2,2,0.005857889,8.09E-06,ND,1.64E-06,8.54E-06,8.48E-07,ND,0.002683087,5.31E-05,ND,2.558924538,NA,NA,NA,NA,NA,NA,NA,NA,NA,NA,NA,NA,NA,NA,NA,NA,NA,NA
S039,sediment,Site  2,2,0.033179542,4.81E-05,ND,ND,1.25E-05,ND,ND,0.013526227,0.000143018,ND,9.504576856,NA,NA,NA,NA,NA,NA,NA,NA,NA,NA,NA,NA,NA,NA,NA,NA,NA,NA
S040,sediment,Site  2,2,0.012470553,1.52E-05,ND,ND,9.00E-06,1.22E-06,ND,0.006339353,6.69E-05,ND,7.018764447,NA,NA,NA,NA,NA,NA,NA,NA,NA,NA,NA,NA,NA,NA,NA,NA,NA,NA
S041,sediment,Site  3,2,0.110053049,ND,ND,ND,9.84E-05,ND,ND,0.034691484,0.000672341,ND,10.23569815,NA,NA,NA,NA,NA,NA,NA,NA,NA,NA,NA,NA,NA,NA,NA,NA,NA,NA
S042,sediment,Site  3,2,0.064968762,0.000175334,ND,ND,0.000174615,1.13E-05,ND,0.017395398,0.000733252,ND,9.504576856,NA,NA,NA,NA,NA,NA,NA,NA,NA,NA,NA,NA,NA,NA,NA,NA,NA,NA
S043,sediment,Site  3,2,0.080911249,0.00031457,ND,4.92E-06,7.07E-05,2.84E-06,1.43E-05,0.017389749,0.000143095,ND,5.483409725,NA,NA,NA,NA,NA,NA,NA,NA,NA,NA,NA,NA,NA,NA,NA,NA,NA,NA
S194,sediment,Site  1,3,0.001503474,6.08E-06,0,0,5.48E-06,0,0,0.000742086,0.002237924,0.000948547,NA,NA,NA,NA,NA,NA,NA,,,,,,,,,,,,
S195,sediment,Site  1,3,0.001439644,4.99E-06,0,1.56E-05,4.88E-06,0,0,0.000671968,0.002478638,0.000727915,NA,NA,NA,NA,NA,NA,NA,,,,,,,,,,,,
S196,sediment,Site  1,3,0.001131614,8.20E-06,0,2.42E-06,6.02E-06,0,0,0.000692039,0.002721732,0.001210953,NA,NA,NA,NA,NA,NA,NA,,,,,,,,,,,,
S197,sediment,Site  2,3,0,0.000243359,0,0.000159974,6.69E-06,3.18E-06,0,0,0.000147494,0.061660043,NA,NA,NA,NA,NA,NA,NA,,,,,,,,,,,,
S198,sediment,Site  2,3,0,0.000191154,0,0.000201498,5.30E-06,4.34E-06,0,0,0.00018789,0.052209379,NA,NA,NA,NA,NA,NA,NA,,,,,,,,,,,,
S199,sediment,Site  2,3,0,0.000291087,0,0.000202339,9.37E-06,1.83E-06,0,0,0.000173442,0.068915482,NA,NA,NA,NA,NA,NA,NA,,,,,,,,,,,,
S200,sediment,Site  3,3,0,0.000539999,0,0.001361226,9.83E-05,6.44E-05,0,0,0.002847442,0.156063931,NA,NA,NA,NA,NA,NA,NA,,,,,,,,,,,,
S201,sediment,Site  3,3,0,0.001036338,0,0.003652729,0,0,0,0,0.005780556,0.285497544,NA,NA,NA,NA,NA,NA,NA,,,,,,,,,,,,
S202,sediment,Site  3,3,0.008055003,0.000599287,0,0.001720071,7.27E-05,4.33E-05,0,0,0.002786655,0.167718662,NA,NA,NA,NA,NA,NA,NA,,,,,,,,,,,,
